{
  "version": 3,
  "artifactType": {
    "type": "APK",
    "kind": "Directory"
  },
  "applicationId": "COM.BESTBEFORE.APP",
  "variantName": "release",
  "elements": [
    {
      "type": "SINGLE",
      "filters": [],
      "attributes": [],
      "versionCode": 1,
      "versionName": "1.0",
      "outputFile": "app-release.apk"
    }
  ],
  "elementType": "File",
  "baselineProfiles": [
    {
      "minApi": 28,
      "maxApi": 30,
      "baselineProfiles": [
        "baselineProfiles/1/app-release.dm"
      ]
    },
    {
      "minApi": 31,
      "maxApi": 2147483647,
      "baselineProfiles": [
        "baselineProfiles/0/app-release.dm"
      ]
    }
  ],
  "minSdkVersionForDexing": 23
}