{
  "project_info": {
    "project_number": "473666699548",
    "project_id": "bestbefore-4062c",
    "storage_bucket": "bestbefore-4062c.firebasestorage.app"
  },
  "client": [
    {
      "client_info": {
        "mobilesdk_app_id": "1:473666699548:android:e5c2ee36f214b49e877ad9",
        "android_client_info": {
          "package_name": "COM.BESTBEFORE.APP"
        }
      },
      "oauth_client": [],
      "api_key": [
        {
          "current_key": "AIzaSyCEQH6xJY-lAxYQ75jN5_EcsOA0LOxwWb8"
        }
      ],
      "services": {
        "appinvite_service": {
          "other_platform_oauth_client": []
        }
      }
    }
  ],
  "configuration_version": "1"
}